Workbook

Sheet ORIGINAL
A1: Product | B1: Current price | C1: old price | D1: Discount | E1: Review | F1: Ratingd
A2: 115 Piece Set Of Multifunctional Precision Screwdrivers | B2: KSh 950 | C2: KSh 1,525 | D2: 0.38 | E2: -2 | F2: 4.5 out of 5
A3: Metal Decorative Hooks Key Hangers Entryway Wall Hooks Towel Hooks - Home | B3: KSh 527 | C3: KSh 999 | D3: 0.47 | E3: -14 | F3: 4.1 out of 5
A4: Portable Mini Cordless Car Vacuum Cleaner - Blue | B4: KSh 2,199 | C4: KSh 2,923 | D4: 0.25 | E4: -24 | F4: 4.6 out of 5
A5: Weighing Scale Digital Bathroom Body Fat Scale USB-Black | B5: KSh 1,580 | C5: KSh 2,499 | D5: 0.37 | E5: -7 | F5: 4.7 out of 5
A6: Portable Home Small Air Humidifier 3-Speed Fan - Green | B6: KSh 1,740 | C6: KSh 2,356 | D6: 0.26 | E6: -5 | F6: 4.8 out of 5
A7: 220V 60W Electric Soldering Iron Kits With Tools, Tips, And Multimeter | B7: KSh 2,999 | C7: KSh 3,290 | D7: 0.09 | E7: -15 | F7: 4 out of 5
A8: 137 Pieces Cake Decorating Tool Set Baking Supplies | B8: KSh 2,319 | C8: KSh 3,032 | D8: 0.24 | E8: -55 | F8: 4.6 out of 5
A9: Desk Foldable Fan Adjustable Fan Strong Wind 3 Gear Usb | B9: KSh 988 | C9: KSh 1,580 | D9: 0.37 | E9: -2 | F9: 4 out of 5
A10: LASA FOLDING TABLE SERVING STAND | B10: KSh 1,274 | C10: KSh 2,800 | D10: 0.55 | E10: -5 | F10: 4.8 out of 5
A11: 13 In 1 Home Repair Tools Box Kit Set | B11: KSh 1,600 | C11: KSh 2,929 | D11: 0.45 | E11: -5 | F11: 3.8 out of 5
A12: Genebre 115 In 1 Screwdriver Repairing Tool Set For IPhone Cellphone Hand Tool | B12: KSh 799 | C12: KSh 999 | D12: 0.2 | E12: -12 | F12: 4.1 out of 5
A13: 100 Pcs Crochet Hook Tool Set Knitting Hook Set With Box | B13: KSh 990 | C13: KSh 1,500 | D13: 0.34 | E13: -39 | F13: 4.7 out of 5
... A22: 3PCS Single Head Knitting Crochet Sweater Needle Set | B22: KSh 38 | C22: KSh 80 | D22: 0.53 | E22: -13 | F22: 3.3 out of 5
A23: 4pcs Bathroom/Kitchen Towel Rack,Roll Paper Holder,Towel Bars,Hook | B23: KSh 1,860 | C23: KSh 3,220 | D23: 0.42
A24: LED Romantic Spaceship Starry Sky Projector,Children's Bedroom Night Light-Blue | B24: KSh 880 | C24: KSh 1,350 | D24: 0.35 | E24: -6 | F24: 4 out of 5
A25: Foldable Overbed Table/Desk | B25: KSh 1,650 | C25: KSh 2,150 | D25: 0.23 | E25: -14 | F25: 4.4 out of 5
A26: LASA 3 Tier Bamboo Shoe Bench Storage Shelf | B26: KSh 2,048 | C26: KSh 4,500 | D26: 0.54 | E26: -7 | F26: 4.3 out of 5
A27: Electronic Digital Display Vernier Caliper | B27: KSh 420 | C27: KSh 647 | D27: 0.35 | E27: -49 | F27: 4.6 out of 5
A28: Portable Wardrobe Nonwoven With 3 Hanging Rods And 6 Storage Shelves | B28: KSh 2,880 | C28: KSh 3,520 | D28: 0.18 | E28: -12 | F28: 3.8 out of 5
A29: 12 Litre Black Insulated Lunch Box | B29: KSh 1,350 | C29: KSh 1,990 | D29: 0.32 | E29: -13 | F29: 3.8 out of 5
A30: 52 Pieces Cake Decorating Tool Set Gift Kit Baking Supplies | B30: KSh 1,758 | C30: KSh 2,499 | D30: 0.3 | E30: -20 | F30: 4.1 out of 5
A31: MultiFunctional Storage Rack Multi-layer Bookshelf | B31: KSh 2,200 | C31: KSh 4,080 | D31: 0.46
A32: Exfoliate And Exfoliate Face Towel - Black | B32: KSh 185 | C32: KSh 382 | D32: 0.52 | E32: -9 | F32: 4.3 out of 5
A33: 12 Litre Insulated Lunch Box Grey | B33: KSh 980 | C33: KSh 1,490 | D33: 0.34 | E33: -12 | F33: 4.7 out of 5
A34: LED Eye Protection Desk Lamp , Study, Reading, USB Fan - Double Pen Holder | B34: KSh 1,820 | C34: KSh 3,490 | D34: 0.48 | E34: -9 | F34: 4.3 out of 5
A35: 53Pcs/Set Yarn Knitting Crochet Hooks With Bag - Fortune Cat | B35: KSh 1,940 | C35: KSh 2,650 | D35: 0.27 | E35: -20 | F35: 4.7 out of 5
A36: 53 Pieces/Set Yarn Knitting Crochet Hooks With Bag - Pansies | B36: KSh 1,980 | C36: KSh 2,699 | D36: 0.27 | E36: -32 | F36: 4.5 out of 5
A37: DIY File Folder, Office Drawer File Holder, Pen Holder, Desktop Storage Rack | B37: KSh 1,620 | C37: KSh 2,690 | D37: 0.4 | E37: -1 | F37: 5 out of 5
A38: Classic Black Cat Cotton Hemp Pillow Case For Home Car | B38: KSh 171 | C38: KSh 360 | D38: 0.53 | E38: -2 | F38: 5 out of 5
A39: Punch-free Great Load Bearing Bathroom Storage Rack Wall Shelf-White | B39: KSh 389 | C39: KSh 656 | D39: 0.41 | E39: -36 | F39: 4.3 out of 5
A40: 1/2/3 Seater Elastic Sofa Cover,Living Room/Home Decor Chair Cover-Grey | B40: KSh 1,620 - KSh 1,980 | C40: KSh 2,200 - KSh 3,200 | D40: 0.38 | E40: -2 | F40: 4.5 out of 5
A41: LASA Stainless Steel Double Wall Mount Soap Dispenser - 500ml | B41: KSh 2,750 | C41: KSh 4,471 | D41: 0.38
A42: 4M Float Switch Water Level Controller -Water Tank | B42: KSh 475 | C42: KSh 931 | D42: 0.49
A43: Modern Sofa Throw Pillow Cover-45x45cm-Blue&Red | B43: KSh 238 | C43: KSh 476 | D43: 0.5
A44: Balloon Insert, Birthday Party Balloon Set, PU Leather | B44: KSh 610 | C44: KSh 1,060 | D44: 0.42
A45: Balloon Insert, Birthday Party Balloon Set, PU Leather | B45: KSh 610 | C45: KSh 1,060 | D45: 0.42
A46: Shower Cap Wide Elastic Band Cover Reusable Bashroom Cap | B46: KSh 2,132 | C46: KSh 2,169 | D46: 0.02
A47: Christmas Elk Fence Yard Lawn Decorations Cute For Holidays | B47: KSh 999 | C47: KSh 2,000 | D47: 0.5
A48: 60W Hot Melt Glue Sprayer - Efficient And Stable Glue Dispensing | B48: KSh 1,190 | C48: KSh 1,785 | D48: 0.33
A49: Car Phone Charging Stand | B49: KSh 671 | C49: KSh 1,316 | D49: 0.49
A50: 2pcs Solar Street Light Flood Light Outdoor | B50: KSh 1,200 | C50: KSh 1,950 | D50: 0.38
A51: Creative Owl Shape Keychain Black | B51: KSh 199 | C51: KSh 504 | D51: 0.61
A52: Brush & Paintbrush Cleaning Tool Pink | B52: KSh 299 | C52: KSh 600 | D52: 0.5
... A61: Simple Metal Dog Art Sculpture Decoration For Home Office | B61: KSh 399 | C61: KSh 896 | D61: 0.55
A62: 5 Pieces/set Of Stainless Steel Induction Cooker Pots | B62: KSh 2,170 | C62: KSh 2,500 | D62: 0.13 | E62: -6 | F62: 2.5 out of 5
A63: Mythco 120COB Solar Wall Ligt With Motion Sensor And Remote Control 3 Modes | B63: KSh 458 | C63: KSh 986 | D63: 0.54 | E63: -10 | F63: 3 out of 5
A64: 5-PCS Stainless Steel Cooking Pot Set With Steamed Slices | B64: KSh 2,115 | C64: KSh 4,700 | D64: 0.55 | E64: -13 | F64: 2.1 out of 5
A65: 120W Cordless Vacuum Cleaners Handheld Electric Vacuum Cleaner | B65: KSh 445 | C65: KSh 873 | D65: 0.49 | E65: -69 | F65: 2.8 out of 5
A66: Intelligent LED Body Sensor Wireless Lighting Night Light USB | B66: KSh 325 | C66: KSh 680 | D66: 0.52 | E66: -15 | F66: 2.7 out of 5
A67: VIC Wireless Vacuum Cleaner Dual Use For Home And Car 120W High Power Powerful | B67: KSh 1,220 | C67: KSh 1,555 | D67: 0.22 | E67: -16 | F67: 2.9 out of 5
A68: Artificial Potted Flowers Room Decorative Flowers (2 Pieces) | B68: KSh 990 | C68: KSh 1,814 | D68: 0.45 | E68: -6 | F68: 2.2 out of 5
A69: 380ML USB Rechargeable Portable Small Blenders And Juicers | B69: KSh 1,000 | C69: KSh 2,000 | D69: 0.5 | E69: -7 | F69: 2.3 out of 5
A70: 32PCS Portable Cordless Drill Set With Cyclic Battery Drive -26 Variable Speed | B70: KSh 3,750 | C70: KSh 6,143 | D70: 0.39 | E70: -5 | F70: 3 out of 5
A71: Agapeon Toothbrush Holder And Toothpaste Dispenser | B71: KSh 382 | C71: KSh 700 | D71: 0.45 | E71: -17 | F71: 2.6 out of 5
A72: Large Lazy Inflatable Sofa Chairs PVC Lounger Seat Bag | B72: KSh 2,300 | C72: KSh 3,240 | D72: 0.29 | E72: -5 | F72: 3 out of 5
A73: Watercolour Gold Foil Textured Print Pillow Cover | B73: KSh 345 | C73: KSh 602 | D73: 0.43 | E73: -6 | F73: 2.3 out of 5
... A76: Electric LED UV Mosquito Killer Lamp, Outdoor/Indoor Fly Killer Trap Light -USB | B76: KSh 1,570 | C76: KSh 2,988 | D76: 0.47 | E76: -7 | F76: 2.1 out of 5
A77: 2PCS/LOT Solar LED Outdoor Intelligent Light Controlled Wall Lamp | B77: KSh 790 | C77: KSh 1,485 | D77: 0.47
A78: 3PCS Rotary Scraper Thermomix For Kitchen | B78: KSh 690 | C78: KSh 1,200 | D78: 0.43
A79: Cushion Silicone Butt Cushion Summer Ice Cushion Honeycomb Gel Cushion | B79: KSh 1,732 | C79: KSh 1,799 | D79: 0.04
A80: 7PCS Silicone Thumb Knife Finger Protector Vegetable Harvesting Knife | B80: KSh 230 | C80: KSh 450 | D80: 0.49
A81: Memory Foam Neck Pillow Cover, With Pillow Core - 50*30cm | B81: KSh 1,189 | C81: KSh 2,199 | D81: 0.46 | E81: -1 | F81: 3 out of 5
A82: Bedroom Simple Floor Hanging Clothes Rack Single Pole Hat Rack - White | B82: KSh 979 | C82: KSh 1,920 | D82: 0.49 | E82: -1 | F82: 5 out of 5
A83: 5m Waterproof Spherical LED String Lights Outdoor Ball Chain Lights Party Lighting Decoration Adjustable | B83: KSh 1,460 | C83: KSh 2,290 | D83: 0.36
A84: 2 Pairs Cowhide Split Leather Work Gloves.32℉ Or Above Welding Gloves | B84: KSh 1,666 | C84: KSh 1,699 | D84: 0.02
A85: Household Pineapple Peeler Peeler | B85: KSh 330 | C85: KSh 647 | D85: 0.49 | E85: -1 | F85: 4 out of 5
A86: Balloon Insert, Birthday Party Balloon Set, PU Leather | B86: KSh 610 | C86: KSh 1,060 | D86: 0.42
A87: Creative Owl Shape Keychain Black | B87: KSh 176 | C87: KSh 345 | D87: 0.49
A88: Office Chair Lumbar Back Support Spine Posture Correction Pillow Car Cushion | B88: KSh 1,466 | C88: KSh 1,699 | D88: 0.14
A89: Cartoon Car Decoration Cute Individuality For Car Home Desk | B89: KSh 274 | C89: KSh 537 | D89: 0.49
A90: Outdoor Portable Water Bottle With Medicine Box - 600ML - Black | B90: KSh 799 | C90: KSh 900 | D90: 0.11
A91: Angle Measuring Tool Full Metal Multi Angle Measuring Tool | B91: KSh 657 | C91: KSh 1,288 | D91: 0.49
A92: Wall-Mounted Toothbrush Toothpaste Holder With Multiple Slots | B92: KSh 1,468 | C92: KSh 1,699 | D92: 0.14
A93: Multifunctional Hanging Storage Box Storage Bag (4 Layers) | B93: KSh 630 | C93: KSh 1,100 | D93: 0.43
A94: Wall Clock With Hidden Safe Box | B94: KSh 850 | C94: KSh 1,700 | D94: 0.5
A95: Portable Wine Table With Folding Round Table | B95: KSh 1,300 | C95: KSh 2,500 | D95: 0.48
A96: Sewing Machine Needle Threader Stitch Insertion Tool Automatic Quick Sewing | B96: KSh 105 | C96: KSh 200 | D96: 0.48
A97: 6 Layers Steel Pipe Assembling Dustproof Storage Shoe Cabinet | B97: KSh 899 | C97: KSh 1,699 | D97: 0.47
... A105: 8in1 Screwdriver With LED Light | B105: KSh 1,080 | C105: KSh 1,874 | D105: 0.42
A106: Konka Healty Electric Kettle, 24-hour Heat Preservation,1.5L,800W, White | B106: KSh 3,640 | C106: KSh 4,588 | D106: 0.21 | E106: -1 | F106: 5 out of 5
A107: 9pcs Gas Mask, For Painting, Dust, Formaldehyde Grinding, Polishing | B107: KSh 1,420 | C107: KSh 2,420 | D107: 0.41
A108: 24 Grid Wall-mounted Sundries Organiser Fabric Closet Bag Storage Rack | B108: KSh 1,875 | C108: KSh 1,899 | D108: 0.01
A109: 1PC Refrigerator Food Seal Pocket Fridge Bags | B109: KSh 198 | C109: KSh 260 | D109: 0.24
A110: LED Solar Street Light-fake Camera | B110: KSh 1,150 | C110: KSh 1,737 | D110: 0.34
A111: Cartoon Embroidered Mini Towel Bear Cotton Wash Cloth Hand 4pcs | B111: KSh 1,190 | C111: KSh 1,810 | D111: 0.34
A112: Shower Nozzle Cleaning Unclogging Needle Mini Crevice Small Hole Cleaning Brush | B112: KSh 1,658 | C112: KSh 1,699 | D112: 0.02
A113: Thickening Multipurpose Non Stick Easy To Clean Heat Resistant Spoon Pad | B113: KSh 1,768 | C113: KSh 1,799 | D113: 0.02
A114: 6 In 1 Bottle Can Opener Multifunctional Easy Opener | B114: KSh 199 | C114: KSh 553 | D114: 0.64
A115: Wall-mounted Sticker Punch-free Plug Fixer | B115: KSh 450 | C115: KSh 900 | D115: 0.5 | E115: -1 | F115: 2 out of 5
A116: Black Simple Water Cup Wine Coaster Anti Slip Absorbent | B116: KSh 169 | C116: KSh 320 | D116: 0.47

Sheet Cleaned Data
A1: Product | B1: Current price | C1: old price | D1: Savings | E1: Discount | F1: Discount % | G1: Review | H1: Has Reviews | I1: Ratings | J1: RANK TOP PERFORMER | K1: RANK NEEDS ATTENTION
A2: 115 Piece Set Of Multifunctional Precision Screwdrivers | B2: 950 | C2: 1525 | D2: =C2-B2 -> 575 | E2: 0.38 | F2: =E2*100 -> 38 | G2: 2 | H2: =IF(ISBLANK(G2),"NO","YES") -> YES | I2: 4.5 | J2: =IF(AND(I2<>"", I2>=DASHBOARD!$B$16), G2+ROW()/100000, "") -> 2.00002 | K2: =IF(AND(F2>=DASHBOARD!$B$31,OR(G2="",G2<=DASHBOARD!$E$31)),F2+ROW()/100000,"")
A3: Metal Decorative Hooks Key Hangers Entryway Wall Hooks Towel Hooks - Home | B3: 527 | C3: 999 | D3: =C3-B3 -> 472 | E3: 0.47 | F3: =E3*100 -> 47 | G3: 14 | H3: =IF(ISBLANK(G3),"NO","YES") -> YES | I3: 4.1 | J3: =IF(AND(I3<>"", I3>=DASHBOARD!$B$16), G3+ROW()/100000, "") | K3: =IF(AND(F3>=DASHBOARD!$B$31,OR(G3="",G3<=DASHBOARD!$E$31)),F3+ROW()/100000,"")
A4: Portable Mini Cordless Car Vacuum Cleaner - Blue | B4: 2199 | C4: 2923 | D4: =C4-B4 -> 724 | E4: 0.25 | F4: =E4*100 -> 25 | G4: 24 | H4: =IF(ISBLANK(G4),"NO","YES") -> YES | I4: 4.6 | J4: =IF(AND(I4<>"", I4>=DASHBOARD!$B$16), G4+ROW()/100000, "") -> 24.00004 | K4: =IF(AND(F4>=DASHBOARD!$B$31,OR(G4="",G4<=DASHBOARD!$E$31)),F4+ROW()/100000,"")
A5: Weighing Scale Digital Bathroom Body Fat Scale USB-Black | B5: 1580 | C5: 2499 | D5: =C5-B5 -> 919 | E5: 0.37 | F5: =E5*100 -> 37 | G5: 7 | H5: =IF(ISBLANK(G5),"NO","YES") -> YES | I5: 4.7 | J5: =IF(AND(I5<>"", I5>=DASHBOARD!$B$16), G5+ROW()/100000, "") -> 7.00005 | K5: =IF(AND(F5>=DASHBOARD!$B$31,OR(G5="",G5<=DASHBOARD!$E$31)),F5+ROW()/100000,"")
A6: Portable Home Small Air Humidifier 3-Speed Fan - Green | B6: 1740 | C6: 2356 | D6: =C6-B6 -> 616 | E6: 0.26 | F6: =E6*100 -> 26 | G6: 5 | H6: =IF(ISBLANK(G6),"NO","YES") -> YES | I6: 4.8 | J6: =IF(AND(I6<>"", I6>=DASHBOARD!$B$16), G6+ROW()/100000, "") -> 5.00006 | K6: =IF(AND(F6>=DASHBOARD!$B$31,OR(G6="",G6<=DASHBOARD!$E$31)),F6+ROW()/100000,"")
A7: 220V 60W Electric Soldering Iron Kits With Tools, Tips, And Multimeter | B7: 2999 | C7: 3290 | D7: =C7-B7 -> 291 | E7: 0.09 | F7: =E7*100 -> 9 | G7: 15 | H7: =IF(ISBLANK(G7),"NO","YES") -> YES | I7: 4 | J7: =IF(AND(I7<>"", I7>=DASHBOARD!$B$16), G7+ROW()/100000, "") | K7: =IF(AND(F7>=DASHBOARD!$B$31,OR(G7="",G7<=DASHBOARD!$E$31)),F7+ROW()/100000,"")
A8: 137 Pieces Cake Decorating Tool Set Baking Supplies | B8: 2319 | C8: 3032 | D8: =C8-B8 -> 713 | E8: 0.24 | F8: =E8*100 -> 24 | G8: 55 | H8: =IF(ISBLANK(G8),"NO","YES") -> YES | I8: 4.6 | J8: =IF(AND(I8<>"", I8>=DASHBOARD!$B$16), G8+ROW()/100000, "") -> 55.00008 | K8: =IF(AND(F8>=DASHBOARD!$B$31,OR(G8="",G8<=DASHBOARD!$E$31)),F8+ROW()/100000,"")
A9: Desk Foldable Fan Adjustable Fan Strong Wind 3 Gear Usb | B9: 988 | C9: 1580 | D9: =C9-B9 -> 592 | E9: 0.37 | F9: =E9*100 -> 37 | G9: 2 | H9: =IF(ISBLANK(G9),"NO","YES") -> YES | I9: 4 | J9: =IF(AND(I9<>"", I9>=DASHBOARD!$B$16), G9+ROW()/100000, "") | K9: =IF(AND(F9>=DASHBOARD!$B$31,OR(G9="",G9<=DASHBOARD!$E$31)),F9+ROW()/100000,"")
A10: LASA FOLDING TABLE SERVING STAND | B10: 1274 | C10: 2800 | D10: =C10-B10 -> 1526 | E10: 0.55 | F10: =E10*100 -> 55 | G10: 5 | H10: =IF(ISBLANK(G10),"NO","YES") -> YES | I10: 4.8 | J10: =IF(AND(I10<>"", I10>=DASHBOARD!$B$16), G10+ROW()/100000, "") -> 5.0001 | K10: =IF(AND(F10>=DASHBOARD!$B$31,OR(G10="",G10<=DASHBOARD!$E$31)),F10+ROW()/100000,"")
A11: 13 In 1 Home Repair Tools Box Kit Set | B11: 1600 | C11: 2929 | D11: =C11-B11 -> 1329 | E11: 0.45 | F11: =E11*100 -> 45 | G11: 5 | H11: =IF(ISBLANK(G11),"NO","YES") -> YES | I11: 3.8 | J11: =IF(AND(I11<>"", I11>=DASHBOARD!$B$16), G11+ROW()/100000, "") | K11: =IF(AND(F11>=DASHBOARD!$B$31,OR(G11="",G11<=DASHBOARD!$E$31)),F11+ROW()/100000,"")
A12: Genebre 115 In 1 Screwdriver Repairing Tool Set For IPhone Cellphone Hand Tool | B12: 799 | C12: 999 | D12: =C12-B12 -> 200 | E12: 0.2 | F12: =E12*100 -> 20 | G12: 12 | H12: =IF(ISBLANK(G12),"NO","YES") -> YES | I12: 4.1 | J12: =IF(AND(I12<>"", I12>=DASHBOARD!$B$16), G12+ROW()/100000, "") | K12: =IF(AND(F12>=DASHBOARD!$B$31,OR(G12="",G12<=DASHBOARD!$E$31)),F12+ROW()/100000,"")
A13: 100 Pcs Crochet Hook Tool Set Knitting Hook Set With Box | B13: 990 | C13: 1500 | D13: =C13-B13 -> 510 | E13: 0.34 | F13: =E13*100 -> 34 | G13: 39 | H13: =IF(ISBLANK(G13),"NO","YES") -> YES | I13: 4.7 | J13: =IF(AND(I13<>"", I13>=DASHBOARD!$B$16), G13+ROW()/100000, "") -> 39.00013 | K13: =IF(AND(F13>=DASHBOARD!$B$31,OR(G13="",G13<=DASHBOARD!$E$31)),F13+ROW()/100000,"")
... A22: 3PCS Single Head Knitting Crochet Sweater Needle Set | B22: 38 | C22: 80 | D22: =C22-B22 -> 42 | E22: 0.53 | F22: =E22*100 -> 53 | G22: 13 | H22: =IF(ISBLANK(G22),"NO","YES") -> YES | I22: 3.3 | J22: =IF(AND(I22<>"", I22>=DASHBOARD!$B$16), G22+ROW()/100000, "") | K22: =IF(AND(F22>=DASHBOARD!$B$31,OR(G22="",G22<=DASHBOARD!$E$31)),F22+ROW()/100000,"")
A23: 4pcs Bathroom/Kitchen Towel Rack,Roll Paper Holder,Towel Bars,Hook | B23: 1860 | C23: 3220 | D23: =C23-B23 -> 1360 | E23: 0.42 | F23: =E23*100 -> 42 | H23: =IF(ISBLANK(G23),"NO","YES") -> NO | J23: =IF(AND(I23<>"", I23>=DASHBOARD!$B$16), G23+ROW()/100000, "") | K23: =IF(AND(F23>=DASHBOARD!$B$31,OR(G23="",G23<=DASHBOARD!$E$31)),F23+ROW()/100000,"") -> 42.00023
A24: LED Romantic Spaceship Starry Sky Projector,Children's Bedroom Night Light-Blue | B24: 880 | C24: 1350 | D24: =C24-B24 -> 470 | E24: 0.35 | F24: =E24*100 -> 35 | G24: 6 | H24: =IF(ISBLANK(G24),"NO","YES") -> YES | I24: 4 | J24: =IF(AND(I24<>"", I24>=DASHBOARD!$B$16), G24+ROW()/100000, "") | K24: =IF(AND(F24>=DASHBOARD!$B$31,OR(G24="",G24<=DASHBOARD!$E$31)),F24+ROW()/100000,"")
A25: Foldable Overbed Table/Desk | B25: 1650 | C25: 2150 | D25: =C25-B25 -> 500 | E25: 0.23 | F25: =E25*100 -> 23 | G25: 14 | H25: =IF(ISBLANK(G25),"NO","YES") -> YES | I25: 4.4 | J25: =IF(AND(I25<>"", I25>=DASHBOARD!$B$16), G25+ROW()/100000, "") | K25: =IF(AND(F25>=DASHBOARD!$B$31,OR(G25="",G25<=DASHBOARD!$E$31)),F25+ROW()/100000,"")
A26: LASA 3 Tier Bamboo Shoe Bench Storage Shelf | B26: 2048 | C26: 4500 | D26: =C26-B26 -> 2452 | E26: 0.54 | F26: =E26*100 -> 54 | G26: 7 | H26: =IF(ISBLANK(G26),"NO","YES") -> YES | I26: 4.3 | J26: =IF(AND(I26<>"", I26>=DASHBOARD!$B$16), G26+ROW()/100000, "") | K26: =IF(AND(F26>=DASHBOARD!$B$31,OR(G26="",G26<=DASHBOARD!$E$31)),F26+ROW()/100000,"")
A27: Electronic Digital Display Vernier Caliper | B27: 420 | C27: 647 | D27: =C27-B27 -> 227 | E27: 0.35 | F27: =E27*100 -> 35 | G27: 49 | H27: =IF(ISBLANK(G27),"NO","YES") -> YES | I27: 4.6 | J27: =IF(AND(I27<>"", I27>=DASHBOARD!$B$16), G27+ROW()/100000, "") -> 49.00027 | K27: =IF(AND(F27>=DASHBOARD!$B$31,OR(G27="",G27<=DASHBOARD!$E$31)),F27+ROW()/100000,"")
A28: Portable Wardrobe Nonwoven With 3 Hanging Rods And 6 Storage Shelves | B28: 2880 | C28: 3520 | D28: =C28-B28 -> 640 | E28: 0.18 | F28: =E28*100 -> 18 | G28: 12 | H28: =IF(ISBLANK(G28),"NO","YES") -> YES | I28: 3.8 | J28: =IF(AND(I28<>"", I28>=DASHBOARD!$B$16), G28+ROW()/100000, "") | K28: =IF(AND(F28>=DASHBOARD!$B$31,OR(G28="",G28<=DASHBOARD!$E$31)),F28+ROW()/100000,"")
A29: 12 Litre Black Insulated Lunch Box | B29: 1350 | C29: 1990 | D29: =C29-B29 -> 640 | E29: 0.32 | F29: =E29*100 -> 32 | G29: 13 | H29: =IF(ISBLANK(G29),"NO","YES") -> YES | I29: 3.8 | J29: =IF(AND(I29<>"", I29>=DASHBOARD!$B$16), G29+ROW()/100000, "") | K29: =IF(AND(F29>=DASHBOARD!$B$31,OR(G29="",G29<=DASHBOARD!$E$31)),F29+ROW()/100000,"")
A30: 52 Pieces Cake Decorating Tool Set Gift Kit Baking Supplies | B30: 1758 | C30: 2499 | D30: =C30-B30 -> 741 | E30: 0.3 | F30: =E30*100 -> 30 | G30: 20 | H30: =IF(ISBLANK(G30),"NO","YES") -> YES | I30: 4.1 | J30: =IF(AND(I30<>"", I30>=DASHBOARD!$B$16), G30+ROW()/100000, "") | K30: =IF(AND(F30>=DASHBOARD!$B$31,OR(G30="",G30<=DASHBOARD!$E$31)),F30+ROW()/100000,"")
A31: MultiFunctional Storage Rack Multi-layer Bookshelf | B31: 2200 | C31: 4080 | D31: =C31-B31 -> 1880 | E31: 0.46 | F31: =E31*100 -> 46 | H31: =IF(ISBLANK(G31),"NO","YES") -> NO | J31: =IF(AND(I31<>"", I31>=DASHBOARD!$B$16), G31+ROW()/100000, "") | K31: =IF(AND(F31>=DASHBOARD!$B$31,OR(G31="",G31<=DASHBOARD!$E$31)),F31+ROW()/100000,"") -> 46.00031
A32: Exfoliate And Exfoliate Face Towel - Black | B32: 185 | C32: 382 | D32: =C32-B32 -> 197 | E32: 0.52 | F32: =E32*100 -> 52 | G32: 9 | H32: =IF(ISBLANK(G32),"NO","YES") -> YES | I32: 4.3 | J32: =IF(AND(I32<>"", I32>=DASHBOARD!$B$16), G32+ROW()/100000, "") | K32: =IF(AND(F32>=DASHBOARD!$B$31,OR(G32="",G32<=DASHBOARD!$E$31)),F32+ROW()/100000,"")
A33: 12 Litre Insulated Lunch Box Grey | B33: 980 | C33: 1490 | D33: =C33-B33 -> 510 | E33: 0.34 | F33: =E33*100 -> 34 | G33: 12 | H33: =IF(ISBLANK(G33),"NO","YES") -> YES | I33: 4.7 | J33: =IF(AND(I33<>"", I33>=DASHBOARD!$B$16), G33+ROW()/100000, "") -> 12.00033 | K33: =IF(AND(F33>=DASHBOARD!$B$31,OR(G33="",G33<=DASHBOARD!$E$31)),F33+ROW()/100000,"")
A34: LED Eye Protection Desk Lamp , Study, Reading, USB Fan - Double Pen Holder | B34: 1820 | C34: 3490 | D34: =C34-B34 -> 1670 | E34: 0.48 | F34: =E34*100 -> 48 | G34: 9 | H34: =IF(ISBLANK(G34),"NO","YES") -> YES | I34: 4.3 | J34: =IF(AND(I34<>"", I34>=DASHBOARD!$B$16), G34+ROW()/100000, "") | K34: =IF(AND(F34>=DASHBOARD!$B$31,OR(G34="",G34<=DASHBOARD!$E$31)),F34+ROW()/100000,"")
A35: 53Pcs/Set Yarn Knitting Crochet Hooks With Bag - Fortune Cat | B35: 1940 | C35: 2650 | D35: =C35-B35 -> 710 | E35: 0.27 | F35: =E35*100 -> 27 | G35: 20 | H35: =IF(ISBLANK(G35),"NO","YES") -> YES | I35: 4.7 | J35: =IF(AND(I35<>"", I35>=DASHBOARD!$B$16), G35+ROW()/100000, "") -> 20.00035 | K35: =IF(AND(F35>=DASHBOARD!$B$31,OR(G35="",G35<=DASHBOARD!$E$31)),F35+ROW()/100000,"")
A36: 53 Pieces/Set Yarn Knitting Crochet Hooks With Bag - Pansies | B36: 1980 | C36: 2699 | D36: =C36-B36 -> 719 | E36: 0.27 | F36: =E36*100 -> 27 | G36: 32 | H36: =IF(ISBLANK(G36),"NO","YES") -> YES | I36: 4.5 | J36: =IF(AND(I36<>"", I36>=DASHBOARD!$B$16), G36+ROW()/100000, "") -> 32.00036 | K36: =IF(AND(F36>=DASHBOARD!$B$31,OR(G36="",G36<=DASHBOARD!$E$31)),F36+ROW()/100000,"")
A37: DIY File Folder, Office Drawer File Holder, Pen Holder, Desktop Storage Rack | B37: 1620 | C37: 2690 | D37: =C37-B37 -> 1070 | E37: 0.4 | F37: =E37*100 -> 40 | G37: 1 | H37: =IF(ISBLANK(G37),"NO","YES") -> YES | I37: 5 | J37: =IF(AND(I37<>"", I37>=DASHBOARD!$B$16), G37+ROW()/100000, "") -> 1.00037 | K37: =IF(AND(F37>=DASHBOARD!$B$31,OR(G37="",G37<=DASHBOARD!$E$31)),F37+ROW()/100000,"") -> 40.00037
A38: Classic Black Cat Cotton Hemp Pillow Case For Home Car | B38: 171 | C38: 360 | D38: =C38-B38 -> 189 | E38: 0.53 | F38: =E38*100 -> 53 | G38: 2 | H38: =IF(ISBLANK(G38),"NO","YES") -> YES | I38: 5 | J38: =IF(AND(I38<>"", I38>=DASHBOARD!$B$16), G38+ROW()/100000, "") -> 2.00038 | K38: =IF(AND(F38>=DASHBOARD!$B$31,OR(G38="",G38<=DASHBOARD!$E$31)),F38+ROW()/100000,"") -> 53.00038
A39: Punch-free Great Load Bearing Bathroom Storage Rack Wall Shelf-White | B39: 389 | C39: 656 | D39: =C39-B39 -> 267 | E39: 0.41 | F39: =E39*100 -> 41 | G39: 36 | H39: =IF(ISBLANK(G39),"NO","YES") -> YES | I39: 4.3 | J39: =IF(AND(I39<>"", I39>=DASHBOARD!$B$16), G39+ROW()/100000, "") | K39: =IF(AND(F39>=DASHBOARD!$B$31,OR(G39="",G39<=DASHBOARD!$E$31)),F39+ROW()/100000,"")
A40: 1/2/3 Seater Elastic Sofa Cover,Living Room/Home Decor Chair Cover-Grey | B40: 1800 | C40: 2700 | D40: =C40-B40 -> 900 | E40: 0.38 | F40: =E40*100 -> 38 | G40: 2 | H40: =IF(ISBLANK(G40),"NO","YES") -> YES | I40: 4.5 | J40: =IF(AND(I40<>"", I40>=DASHBOARD!$B$16), G40+ROW()/100000, "") -> 2.0004 | K40: =IF(AND(F40>=DASHBOARD!$B$31,OR(G40="",G40<=DASHBOARD!$E$31)),F40+ROW()/100000,"")
A41: LASA Stainless Steel Double Wall Mount Soap Dispenser - 500ml | B41: 2750 | C41: 4471 | D41: =C41-B41 -> 1721 | E41: 0.38 | F41: =E41*100 -> 38 | H41: =IF(ISBLANK(G41),"NO","YES") -> NO | J41: =IF(AND(I41<>"", I41>=DASHBOARD!$B$16), G41+ROW()/100000, "") | K41: =IF(AND(F41>=DASHBOARD!$B$31,OR(G41="",G41<=DASHBOARD!$E$31)),F41+ROW()/100000,"")
A42: 4M Float Switch Water Level Controller -Water Tank | B42: 475 | C42: 931 | D42: =C42-B42 -> 456 | E42: 0.49 | F42: =E42*100 -> 49 | H42: =IF(ISBLANK(G42),"NO","YES") -> NO | J42: =IF(AND(I42<>"", I42>=DASHBOARD!$B$16), G42+ROW()/100000, "") | K42: =IF(AND(F42>=DASHBOARD!$B$31,OR(G42="",G42<=DASHBOARD!$E$31)),F42+ROW()/100000,"") -> 49.00042
A43: Modern Sofa Throw Pillow Cover-45x45cm-Blue&Red | B43: 238 | C43: 476 | D43: =C43-B43 -> 238 | E43: 0.5 | F43: =E43*100 -> 50 | H43: =IF(ISBLANK(G43),"NO","YES") -> NO | J43: =IF(AND(I43<>"", I43>=DASHBOARD!$B$16), G43+ROW()/100000, "") | K43: =IF(AND(F43>=DASHBOARD!$B$31,OR(G43="",G43<=DASHBOARD!$E$31)),F43+ROW()/100000,"") -> 50.00043
A44: Balloon Insert, Birthday Party Balloon Set, PU Leather | B44: 610 | C44: 1060 | D44: =C44-B44 -> 450 | E44: 0.42 | F44: =E44*100 -> 42 | H44: =IF(ISBLANK(G44),"NO","YES") -> NO | J44: =IF(AND(I44<>"", I44>=DASHBOARD!$B$16), G44+ROW()/100000, "") | K44: =IF(AND(F44>=DASHBOARD!$B$31,OR(G44="",G44<=DASHBOARD!$E$31)),F44+ROW()/100000,"") -> 42.00044
A45: Balloon Insert, Birthday Party Balloon Set, PU Leather | B45: 610 | C45: 1060 | D45: =C45-B45 -> 450 | E45: 0.42 | F45: =E45*100 -> 42 | H45: =IF(ISBLANK(G45),"NO","YES") -> NO | J45: =IF(AND(I45<>"", I45>=DASHBOARD!$B$16), G45+ROW()/100000, "") | K45: =IF(AND(F45>=DASHBOARD!$B$31,OR(G45="",G45<=DASHBOARD!$E$31)),F45+ROW()/100000,"") -> 42.00045
A46: Shower Cap Wide Elastic Band Cover Reusable Bashroom Cap | B46: 2132 | C46: 2169 | D46: =C46-B46 -> 37 | E46: 0.02 | F46: =E46*100 -> 2 | H46: =IF(ISBLANK(G46),"NO","YES") -> NO | J46: =IF(AND(I46<>"", I46>=DASHBOARD!$B$16), G46+ROW()/100000, "") | K46: =IF(AND(F46>=DASHBOARD!$B$31,OR(G46="",G46<=DASHBOARD!$E$31)),F46+ROW()/100000,"")
A47: Christmas Elk Fence Yard Lawn Decorations Cute For Holidays | B47: 999 | C47: 2000 | D47: =C47-B47 -> 1001 | E47: 0.5 | F47: =E47*100 -> 50 | H47: =IF(ISBLANK(G47),"NO","YES") -> NO | J47: =IF(AND(I47<>"", I47>=DASHBOARD!$B$16), G47+ROW()/100000, "") | K47: =IF(AND(F47>=DASHBOARD!$B$31,OR(G47="",G47<=DASHBOARD!$E$31)),F47+ROW()/100000,"") -> 50.00047
A48: 60W Hot Melt Glue Sprayer - Efficient And Stable Glue Dispensing | B48: 1190 | C48: 1785 | D48: =C48-B48 -> 595 | E48: 0.33 | F48: =E48*100 -> 33 | H48: =IF(ISBLANK(G48),"NO","YES") -> NO | J48: =IF(AND(I48<>"", I48>=DASHBOARD!$B$16), G48+ROW()/100000, "") | K48: =IF(AND(F48>=DASHBOARD!$B$31,OR(G48="",G48<=DASHBOARD!$E$31)),F48+ROW()/100000,"")
A49: Car Phone Charging Stand | B49: 671 | C49: 1316 | D49: =C49-B49 -> 645 | E49: 0.49 | F49: =E49*100 -> 49 | H49: =IF(ISBLANK(G49),"NO","YES") -> NO | J49: =IF(AND(I49<>"", I49>=DASHBOARD!$B$16), G49+ROW()/100000, "") | K49: =IF(AND(F49>=DASHBOARD!$B$31,OR(G49="",G49<=DASHBOARD!$E$31)),F49+ROW()/100000,"") -> 49.00049
A50: 2pcs Solar Street Light Flood Light Outdoor | B50: 1200 | C50: 1950 | D50: =C50-B50 -> 750 | E50: 0.38 | F50: =E50*100 -> 38 | H50: =IF(ISBLANK(G50),"NO","YES") -> NO | J50: =IF(AND(I50<>"", I50>=DASHBOARD!$B$16), G50+ROW()/100000, "") | K50: =IF(AND(F50>=DASHBOARD!$B$31,OR(G50="",G50<=DASHBOARD!$E$31)),F50+ROW()/100000,"")
A51: Creative Owl Shape Keychain Black | B51: 199 | C51: 504 | D51: =C51-B51 -> 305 | E51: 0.61 | F51: =E51*100 -> 61 | H51: =IF(ISBLANK(G51),"NO","YES") -> NO | J51: =IF(AND(I51<>"", I51>=DASHBOARD!$B$16), G51+ROW()/100000, "") | K51: =IF(AND(F51>=DASHBOARD!$B$31,OR(G51="",G51<=DASHBOARD!$E$31)),F51+ROW()/100000,"") -> 61.00051
A52: Brush & Paintbrush Cleaning Tool Pink | B52: 299 | C52: 600 | D52: =C52-B52 -> 301 | E52: 0.5 | F52: =E52*100 -> 50 | H52: =IF(ISBLANK(G52),"NO","YES") -> NO | J52: =IF(AND(I52<>"", I52>=DASHBOARD!$B$16), G52+ROW()/100000, "") | K52: =IF(AND(F52>=DASHBOARD!$B$31,OR(G52="",G52<=DASHBOARD!$E$31)),F52+ROW()/100000,"") -> 50.00052
... A61: Simple Metal Dog Art Sculpture Decoration For Home Office | B61: 399 | C61: 896 | D61: =C61-B61 -> 497 | E61: 0.55 | F61: =E61*100 -> 55 | H61: =IF(ISBLANK(G61),"NO","YES") -> NO | J61: =IF(AND(I61<>"", I61>=DASHBOARD!$B$16), G61+ROW()/100000, "") | K61: =IF(AND(F61>=DASHBOARD!$B$31,OR(G61="",G61<=DASHBOARD!$E$31)),F61+ROW()/100000,"") -> 55.00061
A62: 5 Pieces/set Of Stainless Steel Induction Cooker Pots | B62: 2170 | C62: 2500 | D62: =C62-B62 -> 330 | E62: 0.13 | F62: =E62*100 -> 13 | G62: 6 | H62: =IF(ISBLANK(G62),"NO","YES") -> YES | I62: 2.5 | J62: =IF(AND(I62<>"", I62>=DASHBOARD!$B$16), G62+ROW()/100000, "") | K62: =IF(AND(F62>=DASHBOARD!$B$31,OR(G62="",G62<=DASHBOARD!$E$31)),F62+ROW()/100000,"")
A63: Mythco 120COB Solar Wall Ligt With Motion Sensor And Remote Control 3 Modes | B63: 458 | C63: 986 | D63: =C63-B63 -> 528 | E63: 0.54 | F63: =E63*100 -> 54 | G63: 10 | H63: =IF(ISBLANK(G63),"NO","YES") -> YES | I63: 3 | J63: =IF(AND(I63<>"", I63>=DASHBOARD!$B$16), G63+ROW()/100000, "") | K63: =IF(AND(F63>=DASHBOARD!$B$31,OR(G63="",G63<=DASHBOARD!$E$31)),F63+ROW()/100000,"")
A64: 5-PCS Stainless Steel Cooking Pot Set With Steamed Slices | B64: 2115 | C64: 4700 | D64: =C64-B64 -> 2585 | E64: 0.55 | F64: =E64*100 -> 55 | G64: 13 | H64: =IF(ISBLANK(G64),"NO","YES") -> YES | I64: 2.1 | J64: =IF(AND(I64<>"", I64>=DASHBOARD!$B$16), G64+ROW()/100000, "") | K64: =IF(AND(F64>=DASHBOARD!$B$31,OR(G64="",G64<=DASHBOARD!$E$31)),F64+ROW()/100000,"")
A65: 120W Cordless Vacuum Cleaners Handheld Electric Vacuum Cleaner | B65: 445 | C65: 873 | D65: =C65-B65 -> 428 | E65: 0.49 | F65: =E65*100 -> 49 | G65: 69 | H65: =IF(ISBLANK(G65),"NO","YES") -> YES | I65: 2.8 | J65: =IF(AND(I65<>"", I65>=DASHBOARD!$B$16), G65+ROW()/100000, "") | K65: =IF(AND(F65>=DASHBOARD!$B$31,OR(G65="",G65<=DASHBOARD!$E$31)),F65+ROW()/100000,"")
A66: Intelligent LED Body Sensor Wireless Lighting Night Light USB | B66: 325 | C66: 680 | D66: =C66-B66 -> 355 | E66: 0.52 | F66: =E66*100 -> 52 | G66: 15 | H66: =IF(ISBLANK(G66),"NO","YES") -> YES | I66: 2.7 | J66: =IF(AND(I66<>"", I66>=DASHBOARD!$B$16), G66+ROW()/100000, "") | K66: =IF(AND(F66>=DASHBOARD!$B$31,OR(G66="",G66<=DASHBOARD!$E$31)),F66+ROW()/100000,"")
A67: VIC Wireless Vacuum Cleaner Dual Use For Home And Car 120W High Power Powerful | B67: 1220 | C67: 1555 | D67: =C67-B67 -> 335 | E67: 0.22 | F67: =E67*100 -> 22 | G67: 16 | H67: =IF(ISBLANK(G67),"NO","YES") -> YES | I67: 2.9 | J67: =IF(AND(I67<>"", I67>=DASHBOARD!$B$16), G67+ROW()/100000, "") | K67: =IF(AND(F67>=DASHBOARD!$B$31,OR(G67="",G67<=DASHBOARD!$E$31)),F67+ROW()/100000,"")
A68: Artificial Potted Flowers Room Decorative Flowers (2 Pieces) | B68: 990 | C68: 1814 | D68: =C68-B68 -> 824 | E68: 0.45 | F68: =E68*100 -> 45 | G68: 6 | H68: =IF(ISBLANK(G68),"NO","YES") -> YES | I68: 2.2 | J68: =IF(AND(I68<>"", I68>=DASHBOARD!$B$16), G68+ROW()/100000, "") | K68: =IF(AND(F68>=DASHBOARD!$B$31,OR(G68="",G68<=DASHBOARD!$E$31)),F68+ROW()/100000,"")
A69: 380ML USB Rechargeable Portable Small Blenders And Juicers | B69: 1000 | C69: 2000 | D69: =C69-B69 -> 1000 | E69: 0.5 | F69: =E69*100 -> 50 | G69: 7 | H69: =IF(ISBLANK(G69),"NO","YES") -> YES | I69: 2.3 | J69: =IF(AND(I69<>"", I69>=DASHBOARD!$B$16), G69+ROW()/100000, "") | K69: =IF(AND(F69>=DASHBOARD!$B$31,OR(G69="",G69<=DASHBOARD!$E$31)),F69+ROW()/100000,"")
A70: 32PCS Portable Cordless Drill Set With Cyclic Battery Drive -26 Variable Speed | B70: 3750 | C70: 6143 | D70: =C70-B70 -> 2393 | E70: 0.39 | F70: =E70*100 -> 39 | G70: 5 | H70: =IF(ISBLANK(G70),"NO","YES") -> YES | I70: 3 | J70: =IF(AND(I70<>"", I70>=DASHBOARD!$B$16), G70+ROW()/100000, "") | K70: =IF(AND(F70>=DASHBOARD!$B$31,OR(G70="",G70<=DASHBOARD!$E$31)),F70+ROW()/100000,"")
A71: Agapeon Toothbrush Holder And Toothpaste Dispenser | B71: 382 | C71: 700 | D71: =C71-B71 -> 318 | E71: 0.45 | F71: =E71*100 -> 45 | G71: 17 | H71: =IF(ISBLANK(G71),"NO","YES") -> YES | I71: 2.6 | J71: =IF(AND(I71<>"", I71>=DASHBOARD!$B$16), G71+ROW()/100000, "") | K71: =IF(AND(F71>=DASHBOARD!$B$31,OR(G71="",G71<=DASHBOARD!$E$31)),F71+ROW()/100000,"")
A72: Large Lazy Inflatable Sofa Chairs PVC Lounger Seat Bag | B72: 2300 | C72: 3240 | D72: =C72-B72 -> 940 | E72: 0.29 | F72: =E72*100 -> 29 | G72: 5 | H72: =IF(ISBLANK(G72),"NO","YES") -> YES | I72: 3 | J72: =IF(AND(I72<>"", I72>=DASHBOARD!$B$16), G72+ROW()/100000, "") | K72: =IF(AND(F72>=DASHBOARD!$B$31,OR(G72="",G72<=DASHBOARD!$E$31)),F72+ROW()/100000,"")
A73: Watercolour Gold Foil Textured Print Pillow Cover | B73: 345 | C73: 602 | D73: =C73-B73 -> 257 | E73: 0.43 | F73: =E73*100 -> 43 | G73: 6 | H73: =IF(ISBLANK(G73),"NO","YES") -> YES | I73: 2.3 | J73: =IF(AND(I73<>"", I73>=DASHBOARD!$B$16), G73+ROW()/100000, "") | K73: =IF(AND(F73>=DASHBOARD!$B$31,OR(G73="",G73<=DASHBOARD!$E$31)),F73+ROW()/100000,"")
... A76: Electric LED UV Mosquito Killer Lamp, Outdoor/Indoor Fly Killer Trap Light -USB | B76: 1570 | C76: 2988 | D76: =C76-B76 -> 1418 | E76: 0.47 | F76: =E76*100 -> 47 | G76: 7 | H76: =IF(ISBLANK(G76),"NO","YES") -> YES | I76: 2.1 | J76: =IF(AND(I76<>"", I76>=DASHBOARD!$B$16), G76+ROW()/100000, "") | K76: =IF(AND(F76>=DASHBOARD!$B$31,OR(G76="",G76<=DASHBOARD!$E$31)),F76+ROW()/100000,"")
A77: 2PCS/LOT Solar LED Outdoor Intelligent Light Controlled Wall Lamp | B77: 790 | C77: 1485 | D77: =C77-B77 -> 695 | E77: 0.47 | F77: =E77*100 -> 47 | H77: =IF(ISBLANK(G77),"NO","YES") -> NO | J77: =IF(AND(I77<>"", I77>=DASHBOARD!$B$16), G77+ROW()/100000, "") | K77: =IF(AND(F77>=DASHBOARD!$B$31,OR(G77="",G77<=DASHBOARD!$E$31)),F77+ROW()/100000,"") -> 47.00077
A78: 3PCS Rotary Scraper Thermomix For Kitchen | B78: 690 | C78: 1200 | D78: =C78-B78 -> 510 | E78: 0.43 | F78: =E78*100 -> 43 | H78: =IF(ISBLANK(G78),"NO","YES") -> NO | J78: =IF(AND(I78<>"", I78>=DASHBOARD!$B$16), G78+ROW()/100000, "") | K78: =IF(AND(F78>=DASHBOARD!$B$31,OR(G78="",G78<=DASHBOARD!$E$31)),F78+ROW()/100000,"") -> 43.00078
A79: Cushion Silicone Butt Cushion Summer Ice Cushion Honeycomb Gel Cushion | B79: 1732 | C79: 1799 | D79: =C79-B79 -> 67 | E79: 0.04 | F79: =E79*100 -> 4 | H79: =IF(ISBLANK(G79),"NO","YES") -> NO | J79: =IF(AND(I79<>"", I79>=DASHBOARD!$B$16), G79+ROW()/100000, "") | K79: =IF(AND(F79>=DASHBOARD!$B$31,OR(G79="",G79<=DASHBOARD!$E$31)),F79+ROW()/100000,"")
A80: 7PCS Silicone Thumb Knife Finger Protector Vegetable Harvesting Knife | B80: 230 | C80: 450 | D80: =C80-B80 -> 220 | E80: 0.49 | F80: =E80*100 -> 49 | H80: =IF(ISBLANK(G80),"NO","YES") -> NO | J80: =IF(AND(I80<>"", I80>=DASHBOARD!$B$16), G80+ROW()/100000, "") | K80: =IF(AND(F80>=DASHBOARD!$B$31,OR(G80="",G80<=DASHBOARD!$E$31)),F80+ROW()/100000,"") -> 49.0008
A81: Memory Foam Neck Pillow Cover, With Pillow Core - 50*30cm | B81: 1189 | C81: 2199 | D81: =C81-B81 -> 1010 | E81: 0.46 | F81: =E81*100 -> 46 | G81: 1 | H81: =IF(ISBLANK(G81),"NO","YES") -> YES | I81: 3 | J81: =IF(AND(I81<>"", I81>=DASHBOARD!$B$16), G81+ROW()/100000, "") | K81: =IF(AND(F81>=DASHBOARD!$B$31,OR(G81="",G81<=DASHBOARD!$E$31)),F81+ROW()/100000,"") -> 46.00081
A82: Bedroom Simple Floor Hanging Clothes Rack Single Pole Hat Rack - White | B82: 979 | C82: 1920 | D82: =C82-B82 -> 941 | E82: 0.49 | F82: =E82*100 -> 49 | G82: 1 | H82: =IF(ISBLANK(G82),"NO","YES") -> YES | I82: 5 | J82: =IF(AND(I82<>"", I82>=DASHBOARD!$B$16), G82+ROW()/100000, "") -> 1.00082 | K82: =IF(AND(F82>=DASHBOARD!$B$31,OR(G82="",G82<=DASHBOARD!$E$31)),F82+ROW()/100000,"") -> 49.00082
A83: 5m Waterproof Spherical LED String Lights Outdoor Ball Chain Lights Party Lighting Decoration Adjustable | B83: 1460 | C83: 2290 | D83: =C83-B83 -> 830 | E83: 0.36 | F83: =E83*100 -> 36 | H83: =IF(ISBLANK(G83),"NO","YES") -> NO | J83: =IF(AND(I83<>"", I83>=DASHBOARD!$B$16), G83+ROW()/100000, "") | K83: =IF(AND(F83>=DASHBOARD!$B$31,OR(G83="",G83<=DASHBOARD!$E$31)),F83+ROW()/100000,"")
A84: 2 Pairs Cowhide Split Leather Work Gloves.32℉ Or Above Welding Gloves | B84: 1666 | C84: 1699 | D84: =C84-B84 -> 33 | E84: 0.02 | F84: =E84*100 -> 2 | H84: =IF(ISBLANK(G84),"NO","YES") -> NO | J84: =IF(AND(I84<>"", I84>=DASHBOARD!$B$16), G84+ROW()/100000, "") | K84: =IF(AND(F84>=DASHBOARD!$B$31,OR(G84="",G84<=DASHBOARD!$E$31)),F84+ROW()/100000,"")
A85: Household Pineapple Peeler Peeler | B85: 330 | C85: 647 | D85: =C85-B85 -> 317 | E85: 0.49 | F85: =E85*100 -> 49 | G85: 1 | H85: =IF(ISBLANK(G85),"NO","YES") -> YES | I85: 4 | J85: =IF(AND(I85<>"", I85>=DASHBOARD!$B$16), G85+ROW()/100000, "") | K85: =IF(AND(F85>=DASHBOARD!$B$31,OR(G85="",G85<=DASHBOARD!$E$31)),F85+ROW()/100000,"") -> 49.00085
A86: Balloon Insert, Birthday Party Balloon Set, PU Leather | B86: 610 | C86: 1060 | D86: =C86-B86 -> 450 | E86: 0.42 | F86: =E86*100 -> 42 | H86: =IF(ISBLANK(G86),"NO","YES") -> NO | J86: =IF(AND(I86<>"", I86>=DASHBOARD!$B$16), G86+ROW()/100000, "") | K86: =IF(AND(F86>=DASHBOARD!$B$31,OR(G86="",G86<=DASHBOARD!$E$31)),F86+ROW()/100000,"") -> 42.00086
A87: Creative Owl Shape Keychain Black | B87: 176 | C87: 345 | D87: =C87-B87 -> 169 | E87: 0.49 | F87: =E87*100 -> 49 | H87: =IF(ISBLANK(G87),"NO","YES") -> NO | J87: =IF(AND(I87<>"", I87>=DASHBOARD!$B$16), G87+ROW()/100000, "") | K87: =IF(AND(F87>=DASHBOARD!$B$31,OR(G87="",G87<=DASHBOARD!$E$31)),F87+ROW()/100000,"") -> 49.00087
A88: Office Chair Lumbar Back Support Spine Posture Correction Pillow Car Cushion | B88: 1466 | C88: 1699 | D88: =C88-B88 -> 233 | E88: 0.14 | F88: =E88*100 -> 14 | H88: =IF(ISBLANK(G88),"NO","YES") -> NO | J88: =IF(AND(I88<>"", I88>=DASHBOARD!$B$16), G88+ROW()/100000, "") | K88: =IF(AND(F88>=DASHBOARD!$B$31,OR(G88="",G88<=DASHBOARD!$E$31)),F88+ROW()/100000,"")
A89: Cartoon Car Decoration Cute Individuality For Car Home Desk | B89: 274 | C89: 537 | D89: =C89-B89 -> 263 | E89: 0.49 | F89: =E89*100 -> 49 | H89: =IF(ISBLANK(G89),"NO","YES") -> NO | J89: =IF(AND(I89<>"", I89>=DASHBOARD!$B$16), G89+ROW()/100000, "") | K89: =IF(AND(F89>=DASHBOARD!$B$31,OR(G89="",G89<=DASHBOARD!$E$31)),F89+ROW()/100000,"") -> 49.00089
A90: Outdoor Portable Water Bottle With Medicine Box - 600ML - Black | B90: 799 | C90: 900 | D90: =C90-B90 -> 101 | E90: 0.11 | F90: =E90*100 -> 11 | H90: =IF(ISBLANK(G90),"NO","YES") -> NO | J90: =IF(AND(I90<>"", I90>=DASHBOARD!$B$16), G90+ROW()/100000, "") | K90: =IF(AND(F90>=DASHBOARD!$B$31,OR(G90="",G90<=DASHBOARD!$E$31)),F90+ROW()/100000,"")
A91: Angle Measuring Tool Full Metal Multi Angle Measuring Tool | B91: 657 | C91: 1288 | D91: =C91-B91 -> 631 | E91: 0.49 | F91: =E91*100 -> 49 | H91: =IF(ISBLANK(G91),"NO","YES") -> NO | J91: =IF(AND(I91<>"", I91>=DASHBOARD!$B$16), G91+ROW()/100000, "") | K91: =IF(AND(F91>=DASHBOARD!$B$31,OR(G91="",G91<=DASHBOARD!$E$31)),F91+ROW()/100000,"") -> 49.00091
A92: Wall-Mounted Toothbrush Toothpaste Holder With Multiple Slots | B92: 1468 | C92: 1699 | D92: =C92-B92 -> 231 | E92: 0.14 | F92: =E92*100 -> 14 | H92: =IF(ISBLANK(G92),"NO","YES") -> NO | J92: =IF(AND(I92<>"", I92>=DASHBOARD!$B$16), G92+ROW()/100000, "") | K92: =IF(AND(F92>=DASHBOARD!$B$31,OR(G92="",G92<=DASHBOARD!$E$31)),F92+ROW()/100000,"")
A93: Multifunctional Hanging Storage Box Storage Bag (4 Layers) | B93: 630 | C93: 1100 | D93: =C93-B93 -> 470 | E93: 0.43 | F93: =E93*100 -> 43 | H93: =IF(ISBLANK(G93),"NO","YES") -> NO | J93: =IF(AND(I93<>"", I93>=DASHBOARD!$B$16), G93+ROW()/100000, "") | K93: =IF(AND(F93>=DASHBOARD!$B$31,OR(G93="",G93<=DASHBOARD!$E$31)),F93+ROW()/100000,"") -> 43.00093
A94: Wall Clock With Hidden Safe Box | B94: 850 | C94: 1700 | D94: =C94-B94 -> 850 | E94: 0.5 | F94: =E94*100 -> 50 | H94: =IF(ISBLANK(G94),"NO","YES") -> NO | J94: =IF(AND(I94<>"", I94>=DASHBOARD!$B$16), G94+ROW()/100000, "") | K94: =IF(AND(F94>=DASHBOARD!$B$31,OR(G94="",G94<=DASHBOARD!$E$31)),F94+ROW()/100000,"") -> 50.00094
A95: Portable Wine Table With Folding Round Table | B95: 1300 | C95: 2500 | D95: =C95-B95 -> 1200 | E95: 0.48 | F95: =E95*100 -> 48 | H95: =IF(ISBLANK(G95),"NO","YES") -> NO | J95: =IF(AND(I95<>"", I95>=DASHBOARD!$B$16), G95+ROW()/100000, "") | K95: =IF(AND(F95>=DASHBOARD!$B$31,OR(G95="",G95<=DASHBOARD!$E$31)),F95+ROW()/100000,"") -> 48.00095
A96: Sewing Machine Needle Threader Stitch Insertion Tool Automatic Quick Sewing | B96: 105 | C96: 200 | D96: =C96-B96 -> 95 | E96: 0.48 | F96: =E96*100 -> 48 | H96: =IF(ISBLANK(G96),"NO","YES") -> NO | J96: =IF(AND(I96<>"", I96>=DASHBOARD!$B$16), G96+ROW()/100000, "") | K96: =IF(AND(F96>=DASHBOARD!$B$31,OR(G96="",G96<=DASHBOARD!$E$31)),F96+ROW()/100000,"") -> 48.00096
A97: 6 Layers Steel Pipe Assembling Dustproof Storage Shoe Cabinet | B97: 899 | C97: 1699 | D97: =C97-B97 -> 800 | E97: 0.47 | F97: =E97*100 -> 47 | H97: =IF(ISBLANK(G97),"NO","YES") -> NO | J97: =IF(AND(I97<>"", I97>=DASHBOARD!$B$16), G97+ROW()/100000, "") | K97: =IF(AND(F97>=DASHBOARD!$B$31,OR(G97="",G97<=DASHBOARD!$E$31)),F97+ROW()/100000,"") -> 47.00097
... A105: 8in1 Screwdriver With LED Light | B105: 1080 | C105: 1874 | D105: =C105-B105 -> 794 | E105: 0.42 | F105: =E105*100 -> 42 | H105: =IF(ISBLANK(G105),"NO","YES") -> NO | J105: =IF(AND(I105<>"", I105>=DASHBOARD!$B$16), G105+ROW()/100000, "") | K105: =IF(AND(F105>=DASHBOARD!$B$31,OR(G105="",G105<=DASHBOARD!$E$31)),F105+ROW()/100000,"") -> 42.00105
A106: Konka Healty Electric Kettle, 24-hour Heat Preservation,1.5L,800W, White | B106: 3640 | C106: 4588 | D106: =C106-B106 -> 948 | E106: 0.21 | F106: =E106*100 -> 21 | G106: 1 | H106: =IF(ISBLANK(G106),"NO","YES") -> YES | I106: 5 | J106: =IF(AND(I106<>"", I106>=DASHBOARD!$B$16), G106+ROW()/100000, "") -> 1.00106 | K106: =IF(AND(F106>=DASHBOARD!$B$31,OR(G106="",G106<=DASHBOARD!$E$31)),F106+ROW()/100000,"")
A107: 9pcs Gas Mask, For Painting, Dust, Formaldehyde Grinding, Polishing | B107: 1420 | C107: 2420 | D107: =C107-B107 -> 1000 | E107: 0.41 | F107: =E107*100 -> 41 | H107: =IF(ISBLANK(G107),"NO","YES") -> NO | J107: =IF(AND(I107<>"", I107>=DASHBOARD!$B$16), G107+ROW()/100000, "") | K107: =IF(AND(F107>=DASHBOARD!$B$31,OR(G107="",G107<=DASHBOARD!$E$31)),F107+ROW()/100000,"") -> 41.00107
A108: 24 Grid Wall-mounted Sundries Organiser Fabric Closet Bag Storage Rack | B108: 1875 | C108: 1899 | D108: =C108-B108 -> 24 | E108: 0.01 | F108: =E108*100 -> 1 | H108: =IF(ISBLANK(G108),"NO","YES") -> NO | J108: =IF(AND(I108<>"", I108>=DASHBOARD!$B$16), G108+ROW()/100000, "") | K108: =IF(AND(F108>=DASHBOARD!$B$31,OR(G108="",G108<=DASHBOARD!$E$31)),F108+ROW()/100000,"")
A109: 1PC Refrigerator Food Seal Pocket Fridge Bags | B109: 198 | C109: 260 | D109: =C109-B109 -> 62 | E109: 0.24 | F109: =E109*100 -> 24 | H109: =IF(ISBLANK(G109),"NO","YES") -> NO | J109: =IF(AND(I109<>"", I109>=DASHBOARD!$B$16), G109+ROW()/100000, "") | K109: =IF(AND(F109>=DASHBOARD!$B$31,OR(G109="",G109<=DASHBOARD!$E$31)),F109+ROW()/100000,"")
A110: LED Solar Street Light-fake Camera | B110: 1150 | C110: 1737 | D110: =C110-B110 -> 587 | E110: 0.34 | F110: =E110*100 -> 34 | H110: =IF(ISBLANK(G110),"NO","YES") -> NO | J110: =IF(AND(I110<>"", I110>=DASHBOARD!$B$16), G110+ROW()/100000, "") | K110: =IF(AND(F110>=DASHBOARD!$B$31,OR(G110="",G110<=DASHBOARD!$E$31)),F110+ROW()/100000,"")
A111: Cartoon Embroidered Mini Towel Bear Cotton Wash Cloth Hand 4pcs | B111: 1190 | C111: 1810 | D111: =C111-B111 -> 620 | E111: 0.34 | F111: =E111*100 -> 34 | H111: =IF(ISBLANK(G111),"NO","YES") -> NO | J111: =IF(AND(I111<>"", I111>=DASHBOARD!$B$16), G111+ROW()/100000, "") | K111: =IF(AND(F111>=DASHBOARD!$B$31,OR(G111="",G111<=DASHBOARD!$E$31)),F111+ROW()/100000,"")
A112: Shower Nozzle Cleaning Unclogging Needle Mini Crevice Small Hole Cleaning Brush | B112: 1658 | C112: 1699 | D112: =C112-B112 -> 41 | E112: 0.02 | F112: =E112*100 -> 2 | H112: =IF(ISBLANK(G112),"NO","YES") -> NO | J112: =IF(AND(I112<>"", I112>=DASHBOARD!$B$16), G112+ROW()/100000, "") | K112: =IF(AND(F112>=DASHBOARD!$B$31,OR(G112="",G112<=DASHBOARD!$E$31)),F112+ROW()/100000,"")
A113: Thickening Multipurpose Non Stick Easy To Clean Heat Resistant Spoon Pad | B113: 1768 | C113: 1799 | D113: =C113-B113 -> 31 | E113: 0.02 | F113: =E113*100 -> 2 | H113: =IF(ISBLANK(G113),"NO","YES") -> NO | J113: =IF(AND(I113<>"", I113>=DASHBOARD!$B$16), G113+ROW()/100000, "") | K113: =IF(AND(F113>=DASHBOARD!$B$31,OR(G113="",G113<=DASHBOARD!$E$31)),F113+ROW()/100000,"")
A114: 6 In 1 Bottle Can Opener Multifunctional Easy Opener | B114: 199 | C114: 553 | D114: =C114-B114 -> 354 | E114: 0.64 | F114: =E114*100 -> 64 | H114: =IF(ISBLANK(G114),"NO","YES") -> NO | J114: =IF(AND(I114<>"", I114>=DASHBOARD!$B$16), G114+ROW()/100000, "") | K114: =IF(AND(F114>=DASHBOARD!$B$31,OR(G114="",G114<=DASHBOARD!$E$31)),F114+ROW()/100000,"") -> 64.00114
A115: Wall-mounted Sticker Punch-free Plug Fixer | B115: 450 | C115: 900 | D115: =C115-B115 -> 450 | E115: 0.5 | F115: =E115*100 -> 50 | G115: 1 | H115: =IF(ISBLANK(G115),"NO","YES") -> YES | I115: 2 | J115: =IF(AND(I115<>"", I115>=DASHBOARD!$B$16), G115+ROW()/100000, "") | K115: =IF(AND(F115>=DASHBOARD!$B$31,OR(G115="",G115<=DASHBOARD!$E$31)),F115+ROW()/100000,"") -> 50.00115
A116: Black Simple Water Cup Wine Coaster Anti Slip Absorbent | B116: 169 | C116: 320 | D116: =C116-B116 -> 151 | E116: 0.47 | F116: =E116*100 -> 47 | H116: =IF(ISBLANK(G116),"NO","YES") -> NO | J116: =IF(AND(I116<>"", I116>=DASHBOARD!$B$16), G116+ROW()/100000, "") | K116: =IF(AND(F116>=DASHBOARD!$B$31,OR(G116="",G116<=DASHBOARD!$E$31)),F116+ROW()/100000,"") -> 47.00116
A117: =SUBTOTAL(103,Table3[Product]) -> 115 | B117: =SUBTOTAL(101,Table3[Current price]) -> 1174.3565 | C117: =SUBTOTAL(101,Table3[old price]) -> 1797.0696 | F117: =SUBTOTAL(101,Table3[Discount %]) -> 36.956522 | G117: =SUBTOTAL(109,Table3[Review]) -> 723 | I117: =SUBTOTAL(101,Table3[Ratings]) -> 3.8894737

Sheet DASHBOARD
A10: RELATIONSHIPS | B10: CORRELATION (r) | C10: READING
A11: Discount % vs. Number of Reviews | B11: =CORREL('Cleaned Data'!F2:F116,'Cleaned Data'!G2:G116) -> -0.13682272 | C11: =IF(B11="","n/a", IF(ABS(B11)<0.1,"No meaningful relationship", IF(B11>0,IF(ABS(B11)>0.5,"Strong positive","Weak/Moderate positive"), IF(ABS(B11)>0.5,"Strong negative","Weak/Moderate negative")))) -> Weak/Moderate negative
A12: Rating vs. Number of Reviews | B12: =CORREL('Cleaned Data'!I2:I116,'Cleaned Data'!G2:G116) -> 0.057209035 | C12: {=_xlfn.IFS(B12="", "n/a", B12>0.5, "Strong positive", B12>=0.1, "Weak/Moderate positive", B12>-0.1, "No meaningful relationship", B12>=-0.5, "Weak/Moderate negative", TRUE, "Strong negative")} -> No meaningful relationship
A13: Price vs Rating | B13: =CORREL('Cleaned Data'!B2:B116,'Cleaned Data'!I2:I116) -> 0.11009021 | C13: {=_xlfn.IFS(B13="", "n/a", B13>0.5, "Strong positive", B13>=0.1, "Weak/Moderate positive", B13>-0.1, "No meaningful relationship", B13>=-0.5, "Weak/Moderate negative", TRUE, "Strong negative")} -> Weak/Moderate positive
A15: TOP PERFORMING PRODUCTS:
A16: MINIMUM rating to qualify: | B16: 4.5 | D16: Show top : | E16: 10
A17: NUMBER | B17: PRODUCT | C17: RATING | D17: REVIEWS | E17: PRICE | F17: DISCOUNT%
A18: 1 | B18: =IF(OR($E$16<1,IFERROR(LARGE('Cleaned Data'!$J$2:$J$116,1),"")=""),"",INDEX('Cleaned Data'!$A$2:$A$116,MATCH(LARGE('Cleaned Data'!$J$2:$J$116,1),'Cleaned Data'!$J$2:$J$116,0))) -> 137 Pieces Cake Decorating Tool Set Baking Supplies | C18: =IF($B18="","",INDEX('Cleaned Data'!$I$2:$I$116,MATCH(LARGE('Cleaned Data'!$J$2:$J$116,1),'Cleaned Data'!$J$2:$J$116,0))) -> 4.6 | D18: =IF($B18="","",INDEX('Cleaned Data'!$G$2:$G$116,MATCH(LARGE('Cleaned Data'!$J$2:$J$116,1),'Cleaned Data'!$J$2:$J$116,0))) -> 55 | E18: =IF($B18="","",INDEX('Cleaned Data'!$B$2:$B$116,MATCH(LARGE('Cleaned Data'!$J$2:$J$116,1),'Cleaned Data'!$J$2:$J$116,0))) -> 2319 | F18: =IF($B18="","",INDEX('Cleaned Data'!$F$2:$F$116,MATCH(LARGE('Cleaned Data'!$J$2:$J$116,1),'Cleaned Data'!$J$2:$J$116,0))) -> 24
A19: 2 | B19: =IF(OR($E$16<2,IFERROR(LARGE('Cleaned Data'!$J$2:$J$116,2),"")=""),"",INDEX('Cleaned Data'!$A$2:$A$116,MATCH(LARGE('Cleaned Data'!$J$2:$J$116,2),'Cleaned Data'!$J$2:$J$116,0))) -> Electronic Digital Display Vernier Caliper | C19: =IF($B19="","",INDEX('Cleaned Data'!$I$2:$I$116,MATCH(LARGE('Cleaned Data'!$J$2:$J$116,2),'Cleaned Data'!$J$2:$J$116,0))) -> 4.6 | D19: =IF($B18="","",INDEX('Cleaned Data'!$G$2:$G$116,MATCH(LARGE('Cleaned Data'!$J$2:$J$116,2),'Cleaned Data'!$J$2:$J$116,0))) -> 49 | E19: =IF($B18="","",INDEX('Cleaned Data'!$B$2:$B$116,MATCH(LARGE('Cleaned Data'!$J$2:$J$116,2),'Cleaned Data'!$J$2:$J$116,0))) -> 420 | F19: =IF($B18="","",INDEX('Cleaned Data'!$F$2:$F$116,MATCH(LARGE('Cleaned Data'!$J$2:$J$116,2),'Cleaned Data'!$J$2:$J$116,0))) -> 35
A20: 3 | B20: =IF(OR($E$16<3,IFERROR(LARGE('Cleaned Data'!$J$2:$J$116,3),"")=""),"",INDEX('Cleaned Data'!$A$2:$A$116,MATCH(LARGE('Cleaned Data'!$J$2:$J$116,3),'Cleaned Data'!$J$2:$J$116,0))) -> 3D Waterproof EVA Plastic Shower Curtain 1.8*2Mtrs | C20: =IF($B20="","",INDEX('Cleaned Data'!$I$2:$I$116,MATCH(LARGE('Cleaned Data'!$J$2:$J$116,3),'Cleaned Data'!$J$2:$J$116,0))) -> 4.6 | D20: =IF($B18="","",INDEX('Cleaned Data'!$G$2:$G$116,MATCH(LARGE('Cleaned Data'!$J$2:$J$116,3),'Cleaned Data'!$J$2:$J$116,0))) -> 44 | E20: =IF($B18="","",INDEX('Cleaned Data'!$B$2:$B$116,MATCH(LARGE('Cleaned Data'!$J$2:$J$116,3),'Cleaned Data'!$J$2:$J$116,0))) -> 998 | F20: =IF($B18="","",INDEX('Cleaned Data'!$F$2:$F$116,MATCH(LARGE('Cleaned Data'!$J$2:$J$116,3),'Cleaned Data'!$J$2:$J$116,0))) -> 49
A21: 4 | B21: =IF(OR($E$16<4,IFERROR(LARGE('Cleaned Data'!$J$2:$J$116,4),"")=""),"",INDEX('Cleaned Data'!$A$2:$A$116,MATCH(LARGE('Cleaned Data'!$J$2:$J$116,4),'Cleaned Data'!$J$2:$J$116,0))) -> 100 Pcs Crochet Hook Tool Set Knitting Hook Set With Box | C21: =IF($B21="","",INDEX('Cleaned Data'!$I$2:$I$116,MATCH(LARGE('Cleaned Data'!$J$2:$J$116,4),'Cleaned Data'!$J$2:$J$116,0))) -> 4.7 | D21: =IF($B18="","",INDEX('Cleaned Data'!$G$2:$G$116,MATCH(LARGE('Cleaned Data'!$J$2:$J$116,4),'Cleaned Data'!$J$2:$J$116,0))) -> 39 | E21: =IF($B18="","",INDEX('Cleaned Data'!$B$2:$B$116,MATCH(LARGE('Cleaned Data'!$J$2:$J$116,4),'Cleaned Data'!$J$2:$J$116,0))) -> 990 | F21: =IF($B18="","",INDEX('Cleaned Data'!$F$2:$F$116,MATCH(LARGE('Cleaned Data'!$J$2:$J$116,4),'Cleaned Data'!$J$2:$J$116,0))) -> 34
A22: 5 | B22: =IF(OR($E$16<5,IFERROR(LARGE('Cleaned Data'!$J$2:$J$116,5),"")=""),"",INDEX('Cleaned Data'!$A$2:$A$116,MATCH(LARGE('Cleaned Data'!$J$2:$J$116,5),'Cleaned Data'!$J$2:$J$116,0))) -> 53 Pieces/Set Yarn Knitting Crochet Hooks With Bag - Pansies | C22: =IF($B22="","",INDEX('Cleaned Data'!$I$2:$I$116,MATCH(LARGE('Cleaned Data'!$J$2:$J$116,5),'Cleaned Data'!$J$2:$J$116,0))) -> 4.5 | D22: =IF($B18="","",INDEX('Cleaned Data'!$G$2:$G$116,MATCH(LARGE('Cleaned Data'!$J$2:$J$116,5),'Cleaned Data'!$J$2:$J$116,0))) -> 32 | E22: =IF($B18="","",INDEX('Cleaned Data'!$B$2:$B$116,MATCH(LARGE('Cleaned Data'!$J$2:$J$116,5),'Cleaned Data'!$J$2:$J$116,0))) -> 1980 | F22: =IF($B18="","",INDEX('Cleaned Data'!$F$2:$F$116,MATCH(LARGE('Cleaned Data'!$J$2:$J$116,5),'Cleaned Data'!$J$2:$J$116,0))) -> 27
A23: 6 | B23: =IF(OR($E$16<6,IFERROR(LARGE('Cleaned Data'!$J$2:$J$116,6),"")=""),"",INDEX('Cleaned Data'!$A$2:$A$116,MATCH(LARGE('Cleaned Data'!$J$2:$J$116,6),'Cleaned Data'!$J$2:$J$116,0))) -> Portable Mini Cordless Car Vacuum Cleaner - Blue | C23: =IF($B23="","",INDEX('Cleaned Data'!$I$2:$I$116,MATCH(LARGE('Cleaned Data'!$J$2:$J$116,6),'Cleaned Data'!$J$2:$J$116,0))) -> 4.6 | D23: =IF($B18="","",INDEX('Cleaned Data'!$G$2:$G$116,MATCH(LARGE('Cleaned Data'!$J$2:$J$116,6),'Cleaned Data'!$J$2:$J$116,0))) -> 24 | E23: =IF($B18="","",INDEX('Cleaned Data'!$B$2:$B$116,MATCH(LARGE('Cleaned Data'!$J$2:$J$116,6),'Cleaned Data'!$J$2:$J$116,0))) -> 2199 | F23: =IF($B18="","",INDEX('Cleaned Data'!$F$2:$F$116,MATCH(LARGE('Cleaned Data'!$J$2:$J$116,6),'Cleaned Data'!$J$2:$J$116,0))) -> 25
A24: 7 | B24: =IF(OR($E$16<7,IFERROR(LARGE('Cleaned Data'!$J$2:$J$116,7),"")=""),"",INDEX('Cleaned Data'!$A$2:$A$116,MATCH(LARGE('Cleaned Data'!$J$2:$J$116,7),'Cleaned Data'!$J$2:$J$116,0))) -> 53Pcs/Set Yarn Knitting Crochet Hooks With Bag - Fortune Cat | C24: =IF($B24="","",INDEX('Cleaned Data'!$I$2:$I$116,MATCH(LARGE('Cleaned Data'!$J$2:$J$116,7),'Cleaned Data'!$J$2:$J$116,0))) -> 4.7 | D24: =IF($B18="","",INDEX('Cleaned Data'!$G$2:$G$116,MATCH(LARGE('Cleaned Data'!$J$2:$J$116,7),'Cleaned Data'!$J$2:$J$116,0))) -> 20 | E24: =IF($B18="","",INDEX('Cleaned Data'!$B$2:$B$116,MATCH(LARGE('Cleaned Data'!$J$2:$J$116,7),'Cleaned Data'!$J$2:$J$116,0))) -> 1940 | F24: =IF($B18="","",INDEX('Cleaned Data'!$F$2:$F$116,MATCH(LARGE('Cleaned Data'!$J$2:$J$116,7),'Cleaned Data'!$J$2:$J$116,0))) -> 27
A25: 8 | B25: =IF(OR($E$16<8,IFERROR(LARGE('Cleaned Data'!$J$2:$J$116,8),"")=""),"",INDEX('Cleaned Data'!$A$2:$A$116,MATCH(LARGE('Cleaned Data'!$J$2:$J$116,8),'Cleaned Data'!$J$2:$J$116,0))) -> 12 Litre Insulated Lunch Box Grey | C25: =IF($B25="","",INDEX('Cleaned Data'!$I$2:$I$116,MATCH(LARGE('Cleaned Data'!$J$2:$J$116,8),'Cleaned Data'!$J$2:$J$116,0))) -> 4.7 | D25: =IF($B18="","",INDEX('Cleaned Data'!$G$2:$G$116,MATCH(LARGE('Cleaned Data'!$J$2:$J$116,8),'Cleaned Data'!$J$2:$J$116,0))) -> 12 | E25: =IF($B18="","",INDEX('Cleaned Data'!$B$2:$B$116,MATCH(LARGE('Cleaned Data'!$J$2:$J$116,8),'Cleaned Data'!$J$2:$J$116,0))) -> 980 | F25: =IF($B18="","",INDEX('Cleaned Data'!$F$2:$F$116,MATCH(LARGE('Cleaned Data'!$J$2:$J$116,8),'Cleaned Data'!$J$2:$J$116,0))) -> 34
A26: 9 | B26: =IF(OR($E$16<9,IFERROR(LARGE('Cleaned Data'!$J$2:$J$116,9),"")=""),"",INDEX('Cleaned Data'!$A$2:$A$116,MATCH(LARGE('Cleaned Data'!$J$2:$J$116,9),'Cleaned Data'!$J$2:$J$116,0))) -> 40cm Gold DIY Acrylic Wall Sticker Clock | C26: =IF($B26="","",INDEX('Cleaned Data'!$I$2:$I$116,MATCH(LARGE('Cleaned Data'!$J$2:$J$116,9),'Cleaned Data'!$J$2:$J$116,0))) -> 4.8 | D26: =IF($B18="","",INDEX('Cleaned Data'!$G$2:$G$116,MATCH(LARGE('Cleaned Data'!$J$2:$J$116,9),'Cleaned Data'!$J$2:$J$116,0))) -> 12 | E26: =IF($B18="","",INDEX('Cleaned Data'!$B$2:$B$116,MATCH(LARGE('Cleaned Data'!$J$2:$J$116,9),'Cleaned Data'!$J$2:$J$116,0))) -> 552 | F26: =IF($B18="","",INDEX('Cleaned Data'!$F$2:$F$116,MATCH(LARGE('Cleaned Data'!$J$2:$J$116,9),'Cleaned Data'!$J$2:$J$116,0))) -> 47
A27: 10 | B27: =IF(OR($E$16<10,IFERROR(LARGE('Cleaned Data'!$J$2:$J$116,10),"")=""),"",INDEX('Cleaned Data'!$A$2:$A$116,MATCH(LARGE('Cleaned Data'!$J$2:$J$116,10),'Cleaned Data'!$J$2:$J$116,0))) -> Weighing Scale Digital Bathroom Body Fat Scale USB-Black | C27: =IF($B27="","",INDEX('Cleaned Data'!$I$2:$I$116,MATCH(LARGE('Cleaned Data'!$J$2:$J$116,10),'Cleaned Data'!$J$2:$J$116,0))) -> 4.7 | D27: =IF($B18="","",INDEX('Cleaned Data'!$G$2:$G$116,MATCH(LARGE('Cleaned Data'!$J$2:$J$116,10),'Cleaned Data'!$J$2:$J$116,0))) -> 7 | E27: =IF($B18="","",INDEX('Cleaned Data'!$B$2:$B$116,MATCH(LARGE('Cleaned Data'!$J$2:$J$116,10),'Cleaned Data'!$J$2:$J$116,0))) -> 1580 | F27: =IF($B18="","",INDEX('Cleaned Data'!$F$2:$F$116,MATCH(LARGE('Cleaned Data'!$J$2:$J$116,10),'Cleaned Data'!$J$2:$J$116,0))) -> 37
A30: PRODUCTS THAT MAY NEED A DIFFERENT PRICING MARKETING STRATEGY
A31: DISCOUNT% >= | B31: 40 | D31: REVIEWS<= | E31: 3 | G31: Show up to: | H31: 10
A32: NUMBER | B32: PRODUCT | C32: DISCOUNT | D32: REVIEWS
A33: 1 | B33: =IF(OR($H$31<1,IFERROR(LARGE('Cleaned Data'!$K$2:$K$116,1),"")=""),"",INDEX('Cleaned Data'!$A$2:$A$116,MATCH(LARGE('Cleaned Data'!$K$2:$K$116,1),'Cleaned Data'!$K$2:$K$116,0))) -> 6 In 1 Bottle Can Opener Multifunctional Easy Opener | C33: =IF(32="","",INDEX('Cleaned Data'!$F$2:$F$116,MATCH(LARGE('Cleaned Data'!$K$2:$K$116,1),'Cleaned Data'!$K$2:$K$116,0))) -> 64 | D33: =IF(E31="","",INDEX('Cleaned Data'!$G$2:$G$116,MATCH(LARGE('Cleaned Data'!$K$2:$K$116,1),'Cleaned Data'!$K$2:$K$116,0))) -> 0
A34: 2 | B34: =IF(OR($H$31<2,IFERROR(LARGE('Cleaned Data'!$K$2:$K$116,2),"")=""),"",INDEX('Cleaned Data'!$A$2:$A$116,MATCH(LARGE('Cleaned Data'!$K$2:$K$116,2),'Cleaned Data'!$K$2:$K$116,0))) -> Creative Owl Shape Keychain Black | C34: =IF(32="","",INDEX('Cleaned Data'!$F$2:$F$116,MATCH(LARGE('Cleaned Data'!$K$2:$K$116,2),'Cleaned Data'!$K$2:$K$116,0))) -> 61 | D34: =IF(E31="","",INDEX('Cleaned Data'!$G$2:$G$116,MATCH(LARGE('Cleaned Data'!$K$2:$K$116,2),'Cleaned Data'!$K$2:$K$116,0))) -> 0
A35: 3 | B35: =IF(OR($H$31<3,IFERROR(LARGE('Cleaned Data'!$K$2:$K$116,3),"")=""),"",INDEX('Cleaned Data'!$A$2:$A$116,MATCH(LARGE('Cleaned Data'!$K$2:$K$116,3),'Cleaned Data'!$K$2:$K$116,0))) -> Simple Metal Dog Art Sculpture Decoration For Home Office | C35: =IF(32="","",INDEX('Cleaned Data'!$F$2:$F$116,MATCH(LARGE('Cleaned Data'!$K$2:$K$116,3),'Cleaned Data'!$K$2:$K$116,0))) -> 55 | D35: =IF(E31="","",INDEX('Cleaned Data'!$G$2:$G$116,MATCH(LARGE('Cleaned Data'!$K$2:$K$116,3),'Cleaned Data'!$K$2:$K$116,0))) -> 0
A36: 4 | B36: =IF(OR($H$31<4,IFERROR(LARGE('Cleaned Data'!$K$2:$K$116,4),"")=""),"",INDEX('Cleaned Data'!$A$2:$A$116,MATCH(LARGE('Cleaned Data'!$K$2:$K$116,4),'Cleaned Data'!$K$2:$K$116,0))) -> Classic Black Cat Cotton Hemp Pillow Case For Home Car | C36: =IF(32="","",INDEX('Cleaned Data'!$F$2:$F$116,MATCH(LARGE('Cleaned Data'!$K$2:$K$116,4),'Cleaned Data'!$K$2:$K$116,0))) -> 53 | D36: =IF(E31="","",INDEX('Cleaned Data'!$G$2:$G$116,MATCH(LARGE('Cleaned Data'!$K$2:$K$116,4),'Cleaned Data'!$K$2:$K$116,0))) -> 2
A37: 5 | B37: =IF(OR($H$31<5,IFERROR(LARGE('Cleaned Data'!$K$2:$K$116,5),"")=""),"",INDEX('Cleaned Data'!$A$2:$A$116,MATCH(LARGE('Cleaned Data'!$K$2:$K$116,5),'Cleaned Data'!$K$2:$K$116,0))) -> Anti-Skid Absorbent Insulation Coaster For Home Office | C37: =IF(32="","",INDEX('Cleaned Data'!$F$2:$F$116,MATCH(LARGE('Cleaned Data'!$K$2:$K$116,5),'Cleaned Data'!$K$2:$K$116,0))) -> 51 | D37: =IF(E31="","",INDEX('Cleaned Data'!$G$2:$G$116,MATCH(LARGE('Cleaned Data'!$K$2:$K$116,5),'Cleaned Data'!$K$2:$K$116,0))) -> 2
A38: 6 | B38: =IF(OR($H$31<6,IFERROR(LARGE('Cleaned Data'!$K$2:$K$116,6),"")=""),"",INDEX('Cleaned Data'!$A$2:$A$116,MATCH(LARGE('Cleaned Data'!$K$2:$K$116,6),'Cleaned Data'!$K$2:$K$116,0))) -> Wall-mounted Sticker Punch-free Plug Fixer | C38: =IF(32="","",INDEX('Cleaned Data'!$F$2:$F$116,MATCH(LARGE('Cleaned Data'!$K$2:$K$116,6),'Cleaned Data'!$K$2:$K$116,0))) -> 50 | D38: =IF(E31="","",INDEX('Cleaned Data'!$G$2:$G$116,MATCH(LARGE('Cleaned Data'!$K$2:$K$116,6),'Cleaned Data'!$K$2:$K$116,0))) -> 1
A39: 7 | B39: =IF(OR($H$31<7,IFERROR(LARGE('Cleaned Data'!$K$2:$K$116,7),"")=""),"",INDEX('Cleaned Data'!$A$2:$A$116,MATCH(LARGE('Cleaned Data'!$K$2:$K$116,7),'Cleaned Data'!$K$2:$K$116,0))) -> 2PCS Ice Silk Square Cushion Cover Pillowcases - 65x65cm | C39: =IF(32="","",INDEX('Cleaned Data'!$F$2:$F$116,MATCH(LARGE('Cleaned Data'!$K$2:$K$116,7),'Cleaned Data'!$K$2:$K$116,0))) -> 50 | D39: =IF(E31="","",INDEX('Cleaned Data'!$G$2:$G$116,MATCH(LARGE('Cleaned Data'!$K$2:$K$116,7),'Cleaned Data'!$K$2:$K$116,0))) -> 0
A40: 8 | B40: =IF(OR($H$31<8,IFERROR(LARGE('Cleaned Data'!$K$2:$K$116,8),"")=""),"",INDEX('Cleaned Data'!$A$2:$A$116,MATCH(LARGE('Cleaned Data'!$K$2:$K$116,8),'Cleaned Data'!$K$2:$K$116,0))) -> Wall Clock With Hidden Safe Box | C40: =IF(32="","",INDEX('Cleaned Data'!$F$2:$F$116,MATCH(LARGE('Cleaned Data'!$K$2:$K$116,8),'Cleaned Data'!$K$2:$K$116,0))) -> 50 | D40: =IF(E31="","",INDEX('Cleaned Data'!$G$2:$G$116,MATCH(LARGE('Cleaned Data'!$K$2:$K$116,8),'Cleaned Data'!$K$2:$K$116,0))) -> 0
A41: 9 | B41: =IF(OR($H$31<9,IFERROR(LARGE('Cleaned Data'!$K$2:$K$116,9),"")=""),"",INDEX('Cleaned Data'!$A$2:$A$116,MATCH(LARGE('Cleaned Data'!$K$2:$K$116,9),'Cleaned Data'!$K$2:$K$116,0))) -> Brush & Paintbrush Cleaning Tool Pink | C41: =IF(32="","",INDEX('Cleaned Data'!$F$2:$F$116,MATCH(LARGE('Cleaned Data'!$K$2:$K$116,9),'Cleaned Data'!$K$2:$K$116,0))) -> 50 | D41: =IF(E31="","",INDEX('Cleaned Data'!$G$2:$G$116,MATCH(LARGE('Cleaned Data'!$K$2:$K$116,9),'Cleaned Data'!$K$2:$K$116,0))) -> 0
A42: 10 | B42: =IF(OR($H$31<10,IFERROR(LARGE('Cleaned Data'!$K$2:$K$116,10),"")=""),"",INDEX('Cleaned Data'!$A$2:$A$116,MATCH(LARGE('Cleaned Data'!$K$2:$K$116,10),'Cleaned Data'!$K$2:$K$116,0))) -> Christmas Elk Fence Yard Lawn Decorations Cute For Holidays | C42: =IF(32="","",INDEX('Cleaned Data'!$F$2:$F$116,MATCH(LARGE('Cleaned Data'!$K$2:$K$116,10),'Cleaned Data'!$K$2:$K$116,0))) -> 50 | D42: =IF(E31="","",INDEX('Cleaned Data'!$G$2:$G$116,MATCH(LARGE('Cleaned Data'!$K$2:$K$116,10),'Cleaned Data'!$K$2:$K$116,0))) -> 0

Sheet README
A1: READ ME & KEY INSIGHTS
B4: 1) How this workbook is organised
B5: • ORIGINAL - the source file, untouched.
B6: • Cleaned Data - formula-driven, analysis-ready version (prices as numbers, discount as %, reviews as positive counts, rating as a number). Every cell is a formula, so if the ORIGINAL tab is ever updated, this whole workbook recalculates.
B7: • Dashboard - KPIs, correlation readouts, two interactive drill-down tables (yellow cells = adjustable filters), and charts.
B8: • This sheet - plain-English answers to the five questions the dashboard was built to answer.
B11: 3) Do bigger discounts bring in more reviews?
B12: Correlation r = -0.14 - Weak/Moderate negative. In plain terms: products with steeper discounts actually tend to collect FEWER reviews - discounting is not translating into engagement.
B14: 4) Do highly-rated products get stronger engagement (more reviews)?
B15: Correlation r = 0.06 - No meaningful relationship. In plain terms: a higher star rating on its own does not reliably pull in more reviews here - rating quality and review volume are largely independent.
B17: 5) Do price and rating move together?
B18: Correlation r = 0.11 - Weak/Moderate positive. In plain terms: higher-priced items do tend to be rated slightly better.
B20: 6) Which products perform best?
... B24: See the 'Products That May Need a Different Pricing / Marketing Strategy' table on the Dashboard. It flags listings carrying a steep discount (adjustable threshold) that still aren't generating reviews - a sign the discount alone isn't creating traction, and the listing may need better photos/copy, category placement, or a rethink of the discount depth itself.
